ip_reputation,packet_size,time_to_live,request_rate,flag_syn,flag_ack,data_length,threat_level
0.3745401188473625,51,245,9.085348925309894,0,0,94,benign
0.9507143064099162,1381,74,7.168923180221879,1,1,253,benign
0.7319939418114051,255,128,6.118261619497967,0,1,356,benign
0.5986584841970366,378,117,3.162789906841543,1,1,29,benign
0.15601864044243652,700,222,8.255524803790818,1,0,248,benign
0.15599452033620265,1144,237,9.555099063701391,0,0,425,benign
0.05808361216819946,413,61,8.229862997247242,1,0,32,benign
0.8661761457749352,1015,81,0.11549454139558175,1,1,457,malicious
0.6011150117432088,749,177,6.400373564815729,0,1,228,benign
0.7080725777960455,1263,145,0.6062402762767972,1,0,11,benign
0.020584494295802447,505,141,2.6503114813038464,0,0,117,malicious
0.9699098521619943,1152,190,0.6892945334429397,1,1,349,benign
0.8324426408004217,1331,80,6.077574984198939,0,0,154,benign
0.21233911067827616,528,127,6.897240143576807,1,1,422,malicious
0.18182496720710062,86,69,1.2334276168524607,1,1,392,benign
0.18340450985343382,1351,195,3.900004942145297,1,0,245,benign
0.3042422429595377,817,109,4.616741438659866,0,1,404,benign
0.5247564316322378,1079,240,3.7536249154330745,0,0,331,benign
0.43194501864211576,750,183,1.2981475048034112,0,1,246,benign
0.2912291401980419,440,209,4.247583122856006,0,1,28,benign
0.6118528947223795,1020,142,7.536662673303339,1,0,160,benign
0.13949386065204183,1149,92,0.8029758788792292,1,1,234,benign
0.29214464853521815,289,179,0.8937821394108442,0,0,189,benign
0.3663618432936917,430,109,3.612235789176244,0,0,116,benign
0.45606998421703593,374,200,9.423084545027358,0,1,270,benign
0.7851759613930136,668,80,6.718869202556849,1,0,257,benign
0.19967378215835974,176,54,6.818832571058391,0,0,179,benign
0.5142344384136116,922,211,3.6830079092948633,0,0,486,benign
0.5924145688620425,727,59,5.9772418329645305,1,0,372,benign
0.046450412719997725,866,138,0.20029872187465947,1,0,171,benign
0.6075448519014384,766,179,6.397350859454468,0,0,437,malicious
0.17052412368729153,633,175,9.141540781004744,1,1,273,benign
0.06505159298527952,1286,60,6.16447733661371,0,0,258,benign
0.9488855372533332,1029,227,8.749616075316816,1,1,134,benign
0.9656320330745594,411,208,7.267333249114329,0,1,170,malicious
0.8083973481164611,974,105,1.2935283223965337,0,0,209,benign
0.3046137691733707,1034,250,9.034287742129832,0,1,235,benign
0.09767211400638387,441,132,0.7577940591221713,0,1,421,benign
0.6842330265121569,654,186,5.386277978222862,1,0,420,benign
0.4401524937396013,1336,148,1.507157525555231,1,0,185,benign
0.12203823484477883,1222,198,0.21589544623595025,1,0,416,benign
0.4951769101112702,1215,122,4.278139175263626,1,1,363,malicious
0.034388521115218396,1034,205,3.020903005776147,0,1,442,benign
0.9093204020787821,659,239,4.91140488859627,0,0,94,benign
0.2587799816000169,227,164,5.814278878672053,1,0,377,malicious
0.662522284353982,1161,56,0.5330168158585789,1,1,10,benign
0.31171107608941095,170,129,1.317732621725082,1,1,67,benign
0.5200680211778108,844,193,5.630559724859211,1,1,378,benign
0.5467102793432796,1234,146,3.4973567964093166,1,1,209,benign
0.18485445552552704,975,53,7.318817526739535,0,0,195,benign
0.9695846277645586,1025,53,6.557687321060203,0,1,368,benign
0.7751328233611146,222,152,8.471483193600077,0,1,97,benign
0.9394989415641891,1022,89,6.95567898402533,1,1,92,benign
0.8948273504276488,403,66,4.356317666162466,1,1,471,benign
0.5978999788110851,78,150,6.7623695617048805,1,0,21,benign
0.9218742350231168,536,152,2.8262736251286436,1,0,449,benign
0.0884925020519195,1412,173,3.1325036379043056,0,1,171,benign
0.1959828624191452,1021,101,7.910953083215854,0,1,382,benign
0.045227288910538066,960,101,4.519553212375663,1,0,133,benign
0.32533033076326434,1460,213,8.00396537113169,0,0,425,malicious
0.388677289689482,761,173,8.241981499315957,0,1,24,benign
0.2713490317738959,1224,215,8.589867142846709,1,1,184,benign
0.8287375091519293,55,227,9.174688834827952,1,0,84,benign
0.3567533266935893,532,112,4.366753683081632,1,0,54,benign
0.28093450968738076,1489,165,3.2567815013792747,1,0,250,benign
0.5426960831582485,1171,240,5.863767591281727,1,0,143,benign
0.14092422497476265,933,111,3.7746069920325134,1,0,350,benign
0.8021969807540397,350,56,6.050634251322306,0,0,397,benign
0.07455064367977082,778,204,7.0853000401738635,0,1,166,benign
0.9868869366005173,1233,141,6.915209683072155,1,0,411,benign
0.7722447692966574,585,63,3.8080735814992015,0,0,223,benign
0.1987156815341724,453,248,1.751915996817653,1,0,219,benign
0.005522117123602399,290,135,4.362240450775855,1,0,178,benign
0.8154614284548342,798,182,1.5116820264108966,1,1,118,benign
0.7068573438476171,1204,232,8.911960648319702,1,1,432,benign
0.7290071680409873,1337,179,3.5241868613047886,0,0,264,benign
0.7712703466859457,1479,111,1.6291514975109056,1,1,441,benign
0.07404465173409036,1102,198,0.35193282306693374,0,1,428,benign
0.3584657285442726,853,128,6.493641624236194,1,1,149,benign
0.11586905952512971,68,198,6.405332942801958,1,1,415,benign
0.8631034258755935,997,187,3.471981249154788,1,1,452,benign
0.6232981268275579,516,107,0.809947699591745,0,1,214,malicious
0.3308980248526492,357,169,4.155326059462797,1,0,196,benign
0.06355835028602363,284,216,3.1810532011275967,1,0,41,benign
0.3109823217156622,787,182,6.803494333376593,1,0,52,benign
0.32518332202674705,736,114,6.097214569581634,0,0,479,benign
0.7296061783380641,311,62,3.709477909155646,0,0,442,malicious
0.6375574713552131,1302,230,2.257136287124402,0,1,329,benign
0.8872127425763265,416,131,9.881556064940359,1,0,250,benign
0.4722149251619493,305,222,4.594616049841537,0,0,294,benign
0.1195942459383017,965,209,6.913914934224347,1,1,377,benign
0.713244787222995,960,213,1.4914743790257718,0,1,270,benign
0.7607850486168974,1422,237,4.907338026628038,0,0,454,benign
0.5612771975694962,379,188,0.3726135267077083,1,1,412,benign
0.770967179954561,428,240,5.104005667313454,0,1,122,benign
0.49379559636439074,616,198,9.643772330465254,1,1,366,benign
0.5227328293819941,42,101,3.9036464585594226,1,1,386,malicious
0.42754101835854963,1492,232,0.48606052449162473,0,0,338,benign
0.02541912674409519,1205,166,0.4064623301015009,1,1,265,benign
0.10789142699330445,415,75,3.941068923474008,1,0,347,benign
0.03142918568673425,363,245,1.684246870985621,0,0,28,benign
0.6364104112637804,185,83,0.33118575364904057,0,1,462,benign
0.3143559810763267,332,101,7.586514778106751,1,1,34,benign
0.5085706911647028,471,161,4.639377787930718,0,1,5,benign
0.907566473926093,744,131,2.96352324252928,1,0,395,malicious
0.24929222914887494,988,229,9.010823511863158,1,1,110,benign
0.41038292303562973,624,206,1.2497757059852037,0,1,293,benign
0.7555511385430487,438,215,9.56359640665766,0,1,76,benign
0.22879816549162246,856,91,3.208270502035793,0,1,348,benign
0.07697990982879299,1407,70,8.895196355855944,0,1,146,benign
0.289751452913768,1003,91,6.069134477146669,1,0,66,benign
0.16122128725400442,1203,190,8.284402861440725,1,1,391,benign
0.9296976523425731,226,162,9.841730315783597,0,1,7,malicious
0.808120379564417,100,154,2.955213834405583,0,1,121,benign
0.6334037565104235,978,241,9.61524130553517,1,0,339,benign
0.8714605901877177,1443,66,3.955870759533962,1,1,174,benign
0.8036720768991145,749,169,3.916567856895531,1,0,387,benign
0.18657005888603584,846,186,3.4698323321196067,1,0,178,benign
0.8925589984899778,1382,218,5.459935312741093,0,1,84,benign
0.5393422419156507,1365,178,1.6260359274670224,1,1,450,benign
0.8074401551640625,1407,179,5.58174370504431,1,1,44,benign
0.8960912999234932,50,109,5.4628776428590395,0,0,135,benign
0.3180034749718639,1125,97,7.642827944788213,1,0,342,benign
0.11005192452767676,265,78,8.353134623182097,1,0,15,benign
0.22793516254194168,1216,146,4.460369368092998,0,0,332,benign
0.4271077886262563,603,59,3.0930991685797884,0,0,194,benign
0.8180147659224931,811,107,2.6674154834392354,0,0,495,benign
0.8607305832563434,1373,237,2.0267759833782324,1,1,8,benign
0.006952130531190703,924,70,0.6707110637703463,1,1,315,benign
0.5107473025775657,1306,77,3.4902349904636623,0,0,333,benign
0.417411003148779,1429,252,2.7754521520947546,0,1,332,benign
0.22210781047073025,1393,83,9.667532120077432,1,1,326,benign
0.1198653673336828,1170,57,5.621317379875435,0,0,14,benign
0.33761517140362796,265,236,3.538042686402025,0,0,326,benign
0.9429097039125192,864,249,5.84662924983759,0,1,101,benign
0.32320293202075523,257,226,1.4780473433223857,1,0,225,benign
0.5187906217433661,976,128,4.496033117101809,1,0,424,benign
0.7030189588951778,792,194,6.299719782068532,1,1,277,benign
0.363629602379294,545,237,4.940088534745269,1,0,407,benign
0.9717820827209607,298,136,4.07761012647781,1,1,112,benign
0.9624472949421112,93,137,9.939099050107012,1,1,484,malicious
0.25178229582536416,1110,222,8.815116145274377,0,1,427,benign
0.49724850589238545,766,118,6.271718985778457,1,1,0,benign
0.30087830981676966,728,209,5.7368358757046,1,1,265,benign
0.2848404943774676,1162,221,6.244538750263382,0,0,490,benign
0.036886947354532795,1083,242,2.092989867442089,1,0,207,benign
0.6095643339798968,458,136,4.011863658316754,1,0,109,benign
0.5026790232288615,729,150,0.4906493756199033,0,0,199,benign
0.05147875124998935,889,57,4.807905771119584,0,1,439,benign
0.27864646423661144,101,126,5.4759433811808655,0,1,368,benign
0.9082658859666537,1208,249,2.3547223874217753,1,0,472,benign
0.23956189066697242,255,136,9.643885586938586,0,1,305,benign
0.1448948720912231,42,92,9.103600648278697,1,0,11,benign
0.489452760277563,199,178,7.249218031013468,1,0,344,benign
0.9856504541106007,820,158,5.3805276247770895,1,0,464,malicious
0.2420552715115004,1183,228,8.712694680512081,1,1,187,malicious
0.6721355474058786,932,201,1.393458203852283,0,1,153,benign
0.7616196153287176,1152,201,7.926046963321362,0,1,493,benign
0.23763754399239967,368,66,1.3357260582717982,1,1,367,malicious
0.7282163486118596,619,182,7.962685559239113,0,0,333,benign
0.3677831327192532,1420,197,2.830098925688434,1,1,424,benign
0.6323058305935795,1330,70,8.78319675208007,1,1,419,malicious
0.6335297107608947,991,107,9.446016728871438,1,1,376,benign
0.5357746840747585,1386,208,1.573080097110645,0,0,278,benign
0.0902897700544083,674,159,4.680488490147396,1,0,170,benign
0.835302495589238,1027,188,9.811775043810583,1,1,133,benign
0.32078006497173583,1258,229,4.885733616134151,0,1,494,benign
0.18651851039985423,960,192,8.649120472893998,0,1,452,benign
0.040775141554763916,777,184,5.9284420691000665,0,1,426,benign
0.5908929431882418,1395,77,3.8157660884040587,0,0,24,benign
0.6775643618422824,209,100,2.9292571997061154,1,1,17,benign
0.016587828927856152,560,235,2.111908601752264,0,1,189,benign
0.512093058299281,79,54,7.6418020946392025,1,1,140,benign
0.22649577519793795,1324,54,3.9267510175479763,0,0,42,malicious
0.6451727904094499,1458,143,5.161627075787436,0,0,333,benign
0.17436642900499144,994,145,4.974022252011701,0,1,283,benign
0.690937738102466,1289,57,5.815062389407999,0,1,145,benign
0.3867353463005374,1023,113,8.669213741683068,0,1,314,benign
0.9367299887367345,1187,187,9.80931950147595,0,1,443,benign
0.13752094414599325,1014,87,4.135083664880788,1,1,318,benign
0.3410663510502585,77,160,8.292437328852401,0,0,440,benign
0.11347352124058907,367,161,7.668825167081705,0,0,91,benign
0.9246936182785628,1314,130,5.777936619410175,0,0,178,benign
0.877339353380981,1239,185,9.564866721758138,0,1,55,benign
0.2579416277151556,953,153,2.084697703731188,1,0,154,benign
0.659984046034179,493,202,1.1817156820652521,0,0,159,benign
0.8172222002012158,76,122,8.554223472858679,0,0,110,benign
0.5552008115994623,1379,243,4.447583184674108,0,1,136,benign
0.5296505783560065,1012,227,8.484991656649898,0,1,231,malicious
0.24185229090045168,835,244,8.941593031434607,1,0,479,benign
0.09310276780589921,1012,98,0.7183301768288073,0,1,467,benign
0.8972157579533268,632,85,8.846301153562,1,0,219,benign
0.9004180571633305,1177,175,4.5383586481572795,0,0,480,benign
0.6331014572732679,1103,117,5.1532816411418985,1,0,67,benign
0.3390297910487007,1364,127,6.3032658598227815,1,0,301,benign
0.3492095746126609,263,154,9.271187806627859,0,1,248,benign
0.7259556788702394,357,218,0.2892493348546639,0,1,481,benign
0.8971102599525771,388,171,4.820750336346389,1,1,495,benign
0.8870864242651173,154,168,6.90844822006255,1,1,322,benign
0.7798755458576239,737,239,7.254798881212461,0,0,409,benign
0.6420316461542878,1386,163,6.956071072217369,1,1,391,benign
0.08413996499504883,1103,59,1.4309077811404065,1,0,5,benign
0.16162871409461377,79,198,3.0640163248796446,1,1,463,benign
0.8985541885270792,1352,213,3.6512837016284334,0,1,279,benign
0.6064290596595899,1325,189,8.0639283560271,1,1,431,benign
0.009197051616629648,255,140,2.859722736904075,1,0,486,malicious
0.1014715428660321,1210,51,2.1859791422853116,1,0,93,benign
0.6635017691080558,375,167,9.578735388477153,0,0,428,benign
0.005061583846218687,1231,62,0.18774652262334213,0,0,268,benign
0.16080805141749865,131,230,9.978426471251584,1,1,196,benign
0.5487337893665861,392,209,6.800530858688217,0,0,24,benign
0.6918951976926933,610,144,8.30184606454626,1,0,147,benign
0.6519612595026005,855,193,3.0167320238273123,0,1,117,benign
0.22426930946055978,820,81,0.2417212489038938,0,1,337,benign
0.7121792213475359,402,81,7.404908233759147,1,0,366,benign
0.23724908749680007,596,173,8.35803151030669,0,1,337,benign
0.3253996981592677,1408,60,7.430713706339839,0,0,65,benign
0.7464914051180241,1233,59,1.5142178442783023,0,1,457,benign
0.6496328990472147,395,64,7.558936430343993,1,0,300,benign
0.8492234104941779,230,66,7.712335542865645,0,0,369,benign
0.6576128923003434,461,217,6.619551105133543,0,0,174,benign
0.5683086033354716,739,195,7.684547734676303,1,0,318,benign
0.09367476782809248,46,232,8.474622252809548,0,0,75,benign
0.3677158030594335,172,250,6.174680730950838,0,1,494,benign
0.26520236768172545,596,202,0.9771866682998227,0,0,460,malicious
0.24398964337908358,865,108,4.927515315705388,0,0,113,benign
0.9730105547524456,800,127,0.8687284132488902,0,0,110,benign
0.3930977246667604,1094,173,4.134676007221065,1,0,248,benign
0.8920465551771133,574,163,4.130354242343714,1,0,438,benign
0.6311386259972629,465,71,0.7534974569883917,0,1,202,malicious
0.7948113035416484,1457,207,3.5533232862978457,0,1,146,benign
0.5026370931051921,711,221,1.198881178034017,0,0,34,benign
0.5769038846263591,402,81,8.1015285790913,1,1,486,benign
0.4925176938188639,121,228,9.48211145704826,1,0,308,benign
0.1952429877980445,395,223,0.8159331050535922,0,1,25,malicious
0.7224521152615053,1321,162,9.555640552187844,0,1,237,benign
0.2807723624408558,628,169,5.273508333433777,1,0,13,malicious
0.02431596643145384,334,198,3.065700211743352,0,1,373,benign
0.6454722959071678,1287,171,0.8609345452340188,1,1,44,benign
0.17711067940704894,1109,81,5.0561802538971365,1,0,427,benign
0.9404585843529143,1176,168,7.965703890458412,0,0,215,benign
0.9539285770025874,1296,88,7.100156124940312,1,1,232,benign
0.9148643902204485,56,61,0.5972375134933403,0,1,192,benign
0.3701587002554444,399,224,0.8217281701422448,0,1,50,benign
0.015456616528867428,1286,67,4.088445498063107,0,0,426,benign
0.9283185625877254,905,198,3.0233758910746387,0,1,374,benign
0.42818414831731433,739,190,2.4006047982548737,0,1,213,benign
0.9666548190436696,487,198,2.881944539196265,0,1,150,benign
0.9636199770892528,895,175,8.054479158639158,1,0,439,benign
0.8530094554673601,404,185,9.299357730955354,1,0,274,benign
0.2944488920695857,714,95,4.1105166758229075,1,0,337,benign
0.38509772860192526,1047,153,9.07049892111172,1,0,75,benign
0.8511366715168569,1389,184,3.2828074423540317,0,1,438,benign
0.31692200515627766,506,200,4.816726164803537,1,0,219,benign
0.1694927466860925,453,252,2.3376870783783974,1,1,347,benign
0.5568012624583502,625,135,6.440712817540855,1,1,443,benign
0.936154774160781,1296,199,9.791913040230607,0,1,186,malicious
0.696029796674973,1287,138,6.074581650829448,1,1,288,benign
0.570061170089365,1033,71,3.642359432724134,0,0,402,benign
0.09717649377076854,1475,141,6.513392715306231,1,0,27,benign
0.6150072266991697,611,78,1.316914716807337,0,0,378,benign
0.9900538501042633,374,62,8.897724894627446,0,0,179,benign
0.14008401523652403,1285,51,5.08053111272038,1,0,252,benign
0.5183296523637367,76,78,4.548562446192456,0,1,125,benign
0.8773730719279554,1028,229,5.90006140568984,0,0,176,malicious
0.7407686177542044,317,76,6.285360241615084,1,0,36,benign
0.697015740995268,1259,99,0.810580481642479,1,0,409,benign
0.7024840839871093,955,144,6.857910490111684,1,0,98,benign
0.35949115121975517,523,200,2.495123635123743,0,1,97,benign
0.29359184426449336,1305,137,7.168131061815239,0,1,126,malicious
0.8093611554785136,1387,93,8.243094464403548,0,1,482,benign
0.8101133946791808,770,254,8.059189224769952,1,1,167,benign
0.8670723185801037,231,71,5.569759577338102,0,1,79,benign
0.9132405525564713,1080,220,5.2496819338764364,0,0,293,benign
0.5113423988609378,563,214,1.5144720172601762,0,1,332,malicious
0.5015162946871996,957,238,7.775926888991043,0,1,125,benign
0.7982951789667752,440,146,2.7869528664224723,0,1,342,benign
0.6499639307777652,925,233,5.01728468589767,0,0,309,malicious
0.7019668772577033,744,52,2.9143135199824157,0,0,149,malicious
0.795792669436101,61,240,1.4249007936969622,1,1,15,benign
0.8900053418175663,513,167,6.332621199228192,1,0,27,benign
0.3379951568515358,1183,68,0.6378871447467479,1,0,495,benign
0.375582952639944,249,72,7.51158781784938,0,1,418,benign
0.093981939840869,345,206,3.2441092730850554,0,0,443,benign
0.578280140996174,1333,79,0.10133346074440468,1,0,172,benign
0.035942273796742086,743,88,5.160178478448575,0,0,45,benign
0.46559801813246016,726,157,0.5638338944232709,1,1,327,benign
0.5426446347075766,324,160,2.834078622426905,0,1,235,benign
0.2865412521282844,755,74,7.09906722581159,0,1,438,benign
0.5908332605690108,802,177,0.7206272540564721,1,0,213,benign
0.03050024993904943,1290,160,8.409451074324423,1,1,84,benign
0.03734818874921442,987,185,0.13781723431997278,1,0,281,benign
0.8226005606596583,420,155,2.5435563050988326,1,0,231,benign
0.3601906414112629,499,235,7.434950155905507,1,0,84,benign
0.12706051265188478,1070,193,3.231074482320137,0,1,408,benign
0.5222432600548044,68,121,1.108734641853534,0,1,488,benign
0.7699935530986108,946,178,3.6663157961242363,0,1,64,benign
0.21582102749684318,1096,157,2.776893535206803,1,1,133,benign
0.6228904758190003,918,54,8.442847831389493,1,0,150,benign
0.085347464993768,118,52,3.202144384092917,1,1,114,benign
0.0516817211686077,986,242,7.910431470582472,1,0,63,benign
0.531354631568148,498,181,8.929534233626274,1,1,342,malicious
0.5406351216101065,609,153,4.394792453807642,1,1,426,benign
0.6374299014982066,1493,113,9.108437124158481,0,1,362,benign
0.7260913337226615,777,155,3.8354487342356096,0,0,406,malicious
0.9758520794625346,1348,147,9.644376323252072,0,0,351,benign
0.5163003483011953,555,59,0.9839662928031719,0,0,157,benign
0.32295647294124596,1162,198,6.901490738382103,0,0,76,benign
0.7951861947687037,436,177,4.988759000523594,1,0,490,malicious
0.2708322512620742,78,95,3.937723174010906,1,1,145,benign
0.4389714207056361,1334,204,6.363847599611149,1,0,342,benign
0.07845638134226596,926,115,7.068185207179878,1,0,462,benign
0.02535074341545751,836,218,0.14319636953805998,1,0,224,benign
0.9626484146779251,196,161,1.7528355785972676,1,0,404,benign
0.8359801205122058,1138,62,7.159155901279755,0,1,312,benign
0.695974206093698,923,186,6.697215594424244,1,0,102,benign
0.4089529444142699,1193,213,9.663870300773905,1,1,406,benign
0.17329432007084578,1013,135,7.634274123482752,1,1,346,benign
0.15643704267108605,1147,139,9.512649806540246,1,1,300,benign
0.25024289816459533,1085,107,7.0551509651945885,0,0,427,benign
0.5492266647061205,888,103,3.0507168655304873,0,1,465,benign
0.7145959227000623,1445,61,1.1431127302834792,1,0,87,benign
0.6601973767177313,787,63,7.8400562471148625,0,0,370,benign
0.27993389694594284,1028,170,6.477077292611567,0,0,302,benign
0.9548652806631941,60,211,0.5770415226936327,1,0,167,benign
0.7378969166957685,342,230,3.664499612419686,1,0,434,benign
0.5543540525114007,908,170,9.572318173294432,1,1,169,benign
0.6117207462343522,123,69,5.053971342530992,1,1,134,benign
0.4196000624277899,1450,124,4.384018446595076,1,0,49,benign
0.24773098950115746,1320,193,4.63122609107701,0,1,431,malicious
0.3559726786512616,609,119,2.167938967651121,1,0,339,malicious
0.7578461104643691,973,105,3.750200991561473,1,1,346,benign
0.014393488629755868,1225,150,3.761151234273049,1,1,133,benign
0.11607264050691624,1226,235,0.6183146998559768,0,1,346,benign
0.04600264202175275,1048,181,7.698919522327391,1,1,136,benign
0.040728802318970136,832,160,4.2233938758484015,1,1,244,benign
0.8554605840110072,831,174,8.23958087948259,1,0,108,malicious
0.7036578593800237,1334,181,8.518445211086965,0,0,312,benign
0.4741738290873252,531,69,2.198741141516715,1,1,286,malicious
0.09783416065100148,247,187,6.607799473484273,1,0,20,benign
0.49161587511683236,1123,73,4.775589861213518,1,1,89,benign
0.4734717707805657,469,203,8.813551705422702,0,0,295,benign
0.17320186991001518,1024,86,2.235832723846896,1,1,111,benign
0.43385164923797304,1372,103,6.810350683069438,1,1,300,benign
0.39850473439737344,559,152,6.116746010301953,1,1,76,benign
0.6158500980522165,630,198,3.0234846279611447,0,0,176,benign
0.6350936508676438,1090,251,1.452348946146609,1,0,342,benign
0.04530400977204452,238,87,6.551233628725038,1,1,147,benign
0.3746126146264712,426,223,7.412114835510073,1,1,100,benign
0.6258599157142364,388,53,3.2247107032571654,0,0,245,benign
0.5031362585800877,999,237,6.483842779820907,0,0,116,benign
0.8564898411883223,732,106,4.011795985353882,1,0,91,malicious
0.658693631618945,417,222,7.160748144497916,0,0,400,benign
0.1629344270814297,938,69,2.072231221451126,0,0,27,benign
0.07056874740042984,955,66,8.913128526098125,0,1,424,benign
0.6424192782063156,566,168,2.9453550050092394,1,0,449,benign
0.026511310541621813,1216,120,3.741081278785914,1,1,24,benign
0.5857755812734633,773,53,0.6751103255954629,0,1,57,benign
0.9402302414249576,245,63,1.2039709019806364,0,0,497,benign
0.575474177875879,494,52,5.207032836852048,0,0,296,benign
0.3881699262065219,1336,129,2.749167499606918,1,1,133,benign
0.6432882184423532,1299,235,8.371254234847724,1,0,330,malicious
0.45825289049151663,560,104,0.24546454768404305,0,1,248,malicious
0.5456167893159349,1056,181,3.8530310818521687,0,0,37,benign
0.9414648087765252,995,169,3.4397209130140176,0,0,389,benign
0.38610263780077425,765,73,0.2913435460842503,0,0,428,benign
0.9611905638239142,1053,211,1.3312471501050513,1,1,74,benign
0.9053506419560637,540,207,4.195062481694489,0,0,141,benign
0.19579113478929644,156,131,4.979359386029722,1,1,321,benign
0.06936130087516545,425,196,4.102468497823204,0,0,167,malicious
0.10077800137742665,1407,208,5.356283016279729,0,1,258,malicious
0.018221825651549728,623,237,5.991803581566247,0,0,372,benign
0.0944429607559284,434,109,0.19824582916557276,0,1,354,benign
0.6830067734163568,1127,196,4.694542078589688,0,1,224,benign
0.07118864846022899,760,98,9.638642484787125,1,1,151,benign
0.3189756302937613,111,112,5.238419573282532,0,1,18,benign
0.8448753109694546,313,159,6.8076684478436365,0,1,145,benign
0.023271935735825866,1383,199,3.187452193377144,0,1,447,malicious
0.8144684825889358,377,201,7.762514643712349,1,0,240,benign
0.28185477477339993,1429,158,7.751922670573539,1,1,371,benign
0.11816482762165625,646,125,5.260830871775975,1,1,380,benign
0.6967371653641506,205,79,9.762536850464215,1,1,343,benign
0.628942846779884,50,107,1.3429471261502686,0,0,236,benign
0.877472013527053,1364,166,0.26778188240685186,0,0,34,benign
0.7350710438038858,768,208,7.72456629639525,0,0,189,benign
0.8034809303848486,840,149,8.090839819912338,1,1,0,benign
0.2820345725713065,141,241,1.2900515682937048,0,0,483,benign
0.17743954377972282,1488,68,2.7292700462902,0,0,152,malicious
0.7506147516408583,1455,225,0.2737683973296262,1,1,428,benign
0.806834739267264,818,222,3.0037552467275908,1,1,432,benign
0.9905051420006733,253,143,7.754104551794848,1,0,125,benign
0.4126176769114265,1151,232,5.227809224354531,0,1,490,benign
0.37201808579278317,440,162,3.5461463723660525,0,1,481,benign
0.7764129607419968,627,232,3.78021901957267,1,1,344,malicious
0.34080354025301784,928,195,0.11340089458313474,0,1,399,malicious
0.9307573256035647,1109,112,3.0680252228958356,1,0,225,benign
0.8584127518430118,631,165,6.499941542215511,1,1,220,benign
0.42899402737501835,1373,162,9.744524993781935,0,0,402,benign
0.7508710677914974,1149,96,8.485902187140605,1,0,406,benign
0.7545428740846823,131,252,0.3335901499907383,1,0,210,benign
0.10312386883593261,712,106,8.99574998628091,1,0,24,benign
0.9025529066795667,753,167,7.853664291656397,0,1,15,benign
0.5052523724478571,975,94,7.825723623352706,1,1,181,benign
0.8264574661077416,281,210,4.634158014135357,1,1,498,benign
0.32004960103061175,41,194,4.040252400249578,1,0,328,malicious
0.8955232284962005,264,247,3.098865715448607,1,0,128,benign
0.3892016787341631,840,53,0.7503791036482211,1,0,41,benign
0.01083765148029836,628,197,2.3595300985876215,1,1,402,benign
0.9053819764192637,155,96,2.541375986282444,1,0,480,benign
0.09128667678613356,957,192,4.892362990130995,0,1,417,benign
0.31931363759041487,1166,247,7.4996996253072705,0,1,335,benign
0.9500619670508049,233,96,4.790717301139671,1,1,235,malicious
0.9506071469375561,1229,127,0.67266004952689,0,1,359,benign
0.5734378881232861,910,173,9.582119029783218,0,0,438,benign
0.6318372121697993,129,124,9.432970759031711,1,1,401,benign
0.44844552197831977,161,152,7.873376477169243,0,0,33,benign
0.29321077169806453,182,186,9.914146225485784,1,1,344,benign
0.32866454536991596,1033,139,5.490375094722602,1,0,380,malicious
0.6725184560770384,145,193,9.63140666750674,1,0,44,benign
0.75237452943768,926,118,0.8484899021058326,1,1,133,benign
0.7915790437258485,467,110,3.720239407787576,1,1,20,benign
0.7896181427945539,1368,187,2.331274553266982,0,1,121,benign
0.09120610304869037,356,99,2.0387475329292735,1,0,69,malicious
0.49442030470258147,674,52,1.4939491940374934,0,1,351,malicious
0.057558760016644284,48,254,6.261895051503367,1,1,360,benign
0.5495288823237355,813,156,7.83508637189832,1,0,47,benign
0.441530501373377,1136,162,5.82515415426157,1,1,490,benign
0.8877041827582998,1422,143,1.5549308249232758,0,0,38,benign
0.3509150125520787,262,167,8.130125322341362,1,1,286,malicious
0.11706701642760586,1479,247,6.395951600920911,1,0,489,benign
0.14299168205283586,592,130,3.942840490657256,1,0,9,benign
0.7615106317174722,1433,158,6.7738899258070235,1,1,29,benign
0.6182180633162611,755,100,2.6730592945040454,0,0,243,benign
0.10112267612279024,1327,196,3.517402864092684,1,1,273,benign
0.08410680611499743,1381,219,9.183109847006703,0,1,443,benign
0.70096913145912,1147,84,2.975994606147062,1,0,87,benign
0.07276300636419353,1381,95,4.752883854763572,0,1,243,benign
0.8218600592903562,150,203,8.912397260220544,0,0,380,benign
0.7062422271564962,290,118,7.106441367648522,1,0,328,benign
0.08134878064189976,422,142,0.7158119390305573,1,0,478,benign
0.08483771408519192,46,113,1.5583001383618065,0,0,14,benign
0.9866395785011755,498,214,0.1776317486419765,1,0,3,benign
0.3742707957561203,1147,98,6.346125723268718,1,0,190,malicious
0.3706421470668909,247,198,4.531966911563141,1,0,167,benign
0.8127995672575026,939,123,1.429321023932528,0,0,8,benign
0.9472485773838587,1453,241,9.583547798462028,1,1,108,benign
0.9860010638228709,1377,54,5.343631267061637,1,1,136,benign
0.7533781852589416,61,149,2.494743611717603,1,0,153,benign
0.37625958553091576,449,119,5.055975354431604,0,1,387,benign
0.08350071669866876,934,139,6.828241294077567,1,1,208,benign
0.7771469159274368,554,53,0.8547682579382884,0,1,271,benign
0.558404249735805,1190,175,2.8195677689741308,1,1,142,benign
0.4242220092469763,848,88,8.088958359751537,0,1,98,benign
0.906354385094736,913,212,4.650682216986346,1,1,376,benign
0.11119748230615134,53,178,5.511113706119719,1,0,307,benign
0.49262510429085915,1010,73,4.384878421873745,0,1,68,benign
0.011353644767419069,1017,106,0.5346094321657507,0,1,246,benign
0.46866064199412627,1053,149,1.740922820219544,0,1,260,benign
0.05630327568183735,1075,119,4.51086222354472,1,1,275,malicious
0.11881791626807192,126,90,2.1709361075384854,1,0,78,benign
0.11752624677710488,948,231,0.5947923837308196,1,0,145,benign
0.6492103021160636,1364,223,8.452131674113055,1,0,110,benign
0.7460448792654233,1306,109,9.813806038724746,0,0,257,benign
0.5833687650971596,161,157,7.95211445256772,1,1,92,benign
0.9621725484745419,1210,237,8.552470724876203,1,0,12,benign
0.37487057952370406,789,106,2.4955735901387492,1,0,259,benign
0.28571208628186073,1419,80,9.610207057580677,1,0,425,malicious
0.8685991281894603,724,133,2.049564474088941,1,0,108,benign
0.22359583851945264,348,201,9.51915512258214,1,1,329,benign
0.9632225394406113,734,85,9.948711010262915,1,0,188,benign
0.012154474689816341,327,207,7.146055776885882,0,1,94,benign
0.969878826707639,346,201,9.813322944739037,1,0,104,benign
0.04315991195057611,953,157,5.738443817714326,1,1,7,benign
0.8911431136980711,701,155,2.6694636534432945,1,1,66,benign
0.5277011090862999,588,207,4.426259268089646,1,0,495,malicious
0.9929647961193003,1415,135,5.9762532602499805,0,0,190,benign
0.07379656473539886,351,184,0.8235074640674485,0,0,365,benign
0.5538542844013208,912,212,6.261198319710736,0,0,255,malicious
0.969302535619099,1122,232,9.813660583946715,0,1,8,benign
0.5230978441701488,963,63,1.9820657328589038,0,1,477,benign
0.6293986381352625,794,169,7.946691651254994,0,0,116,malicious
0.6957486889846172,74,187,9.088198058418232,1,0,266,benign
0.45454106476777323,484,129,9.442645768920187,0,1,98,malicious
0.6275580800840634,132,193,9.605342483613928,0,0,484,benign
0.5843143119231002,1270,231,5.262450423342572,1,1,297,benign
0.901158010490989,392,155,9.775348289115886,0,0,396,malicious
0.04544638034145787,942,254,7.597371050630945,1,1,163,benign
0.2809631895922303,1395,119,1.700547218745923,1,1,375,benign
0.9504114840765587,901,93,4.821311054032902,0,1,140,benign
0.8902637838909163,198,122,7.211478636182839,1,1,267,malicious
0.45565675278571294,996,94,2.548669126608925,0,1,36,benign
0.6201325978015367,63,233,6.442090317133984,0,0,73,benign
0.2773811829811327,443,156,6.6993447425615305,1,1,72,benign
0.1881211597237613,844,133,1.7107274637048024,1,0,307,benign
0.46369840493998216,555,131,5.694344593282287,0,1,198,benign
0.3533522280260528,771,156,7.739106418688216,1,1,129,benign
0.5836561118508721,1427,234,5.039067078905825,1,0,245,benign
0.07773463696498484,1445,70,0.21982085608346352,0,0,311,benign
0.9743948076661665,571,245,0.18948084388499256,0,0,59,benign
0.9862107444796029,995,227,3.634590505303121,1,0,278,benign
0.6981617140197451,191,210,9.269321277474642,0,1,102,benign
0.5360963663441204,986,56,2.363900118075727,0,0,295,malicious
0.30952761628632774,647,119,6.380200519829702,0,1,319,benign
0.8137950197069487,459,176,2.2985511198638737,0,0,486,benign
0.6847311725538793,1313,192,3.2845328976295316,0,0,340,benign
0.1626169393448913,1180,209,8.49561668705469,0,1,150,benign
0.9109271844938425,905,252,7.3157282784724735,0,1,156,benign
0.822537242923169,617,197,1.0444528454007853,1,0,205,benign
0.949799913291924,374,192,4.344150007765693,0,1,473,benign
0.72571950838836,1481,225,0.3887806600881183,1,1,178,malicious
0.6134151959357899,971,248,4.860812451369789,1,1,196,benign
0.4182430362906189,334,198,6.658096715840574,1,1,222,benign
0.9327284833540133,794,219,1.2731759736217005,0,1,88,benign
0.8660638895004084,1434,203,2.9599608952007403,0,1,286,malicious
0.04521867010618941,225,169,4.038582592471354,1,1,433,benign
0.026366974497252005,1309,177,9.203357144094893,0,1,275,benign
0.3764633668780496,676,191,9.933224652687343,1,0,235,benign
0.8105533307818329,1331,106,0.544621860056597,0,1,182,benign
0.9872761293149445,1300,214,7.633978442604381,0,0,208,benign
0.15041689110352818,569,107,3.7800682573831983,1,1,492,benign
0.5941307153521351,60,70,3.9853360436718526,1,1,129,malicious
0.3808908566310215,950,131,7.567223236135525,1,1,152,malicious
0.9699143978146032,906,118,9.192421678239546,0,1,12,benign
0.8421189231357087,833,180,9.51419308557523,1,0,121,malicious
0.8383287047111379,139,136,5.813513601779376,0,0,358,benign
0.4686931597949703,791,214,3.635499477074978,0,1,219,benign
0.4148195023376652,517,98,7.896735950001914,0,0,105,benign
0.27340707193070624,1361,196,2.5849136942967728,1,1,374,benign
0.056375496650927115,979,164,5.684332885451826,1,1,69,benign
0.8647223762550532,565,138,3.6499267690962447,1,0,194,benign
0.8129010091300776,373,134,6.600647629707973,0,0,185,benign
0.9997176732861306,41,177,2.4799492376457186,0,1,98,benign
0.9966368370739054,414,189,1.9967701627747754,1,1,81,benign
0.5554317056026274,332,238,9.190566958086826,0,0,74,benign
0.7689874151805105,876,218,1.1078564612004154,0,1,373,benign
0.944765729882428,1044,210,5.108983286575823,1,0,339,benign
0.8496473906774115,592,227,2.2864425513337885,1,1,191,malicious
0.24734810174319766,357,166,0.4854066369241078,1,1,324,benign
0.4505441353100935,420,245,0.4565863010851213,0,0,466,benign
0.12915941515149498,53,176,1.8346955438476908,0,0,213,malicious
0.9540510272587224,543,120,8.681026509609403,0,0,314,benign
0.60617463445088,270,135,2.896539565372564,0,1,443,benign
0.22864280550346272,1147,82,9.509545788695428,0,1,466,benign
0.6717006844058567,169,130,5.858060700593016,1,1,381,benign
0.6181282404578958,877,201,4.422480478710784,0,1,366,benign
0.3581627180328405,1208,110,5.8428794632276,0,0,317,benign
0.11355759219962902,930,110,5.215314013740051,0,1,143,benign
0.6715731955927996,67,147,7.611884912197519,1,1,383,benign
0.5203077009037933,105,77,2.8967110531312374,1,1,215,benign
0.7723183917356393,1226,235,3.5951988768429937,1,0,360,benign
0.5201635011119934,1292,92,8.951533595079182,0,1,323,benign
0.8521815003185401,300,218,9.469919480189015,1,1,14,benign
0.5519068387744855,1487,216,8.936326452116097,1,0,216,benign
0.5609379715353863,499,135,4.252535140177404,1,1,491,benign
0.876653602658345,340,226,7.825618479768129,0,1,438,benign
0.40348286621239704,958,66,4.8157237596808775,1,0,34,benign
0.13401522845064073,1366,147,5.0256445362464115,0,1,182,benign
0.028782676313338973,326,247,2.1263330796671114,0,1,269,benign
0.755137255673619,1458,247,5.952190002259313,1,1,432,benign
0.6203095513534647,1073,147,1.9427453877581446,0,0,466,malicious
0.7040797680992236,669,114,3.3824905207652187,1,1,357,benign
0.21296416150891073,309,123,8.564798996037357,0,1,99,benign
0.13637147558676976,631,134,2.150050511187467,1,0,6,malicious
0.014544665667881929,883,54,0.8044670232169848,1,0,29,benign
0.350587558806597,901,51,0.7831751668668814,1,1,466,benign
0.5899176868546331,1424,71,9.413766752980768,0,1,304,benign
0.3922440450997323,1320,161,5.118512335822163,1,1,472,benign
0.43747492202372906,172,106,4.1531795109884815,0,1,143,benign
0.9041586944937484,1339,115,8.127697951978393,1,0,110,benign
0.34825546702330035,1011,123,8.374676686314109,0,1,231,benign
0.5139894891598108,552,147,3.3886912278444856,0,0,178,benign
0.7836530127411431,352,193,6.9668187689905725,1,0,71,benign
0.39654278232127016,615,161,7.734115876933677,1,1,209,benign
0.6220867002278735,925,228,6.581041799972949,1,1,219,benign
0.8623637087467452,1347,174,1.6007912405209839,1,0,79,benign
0.9495206236576421,1184,216,8.771242526818865,1,0,499,benign
0.14707348092903794,1170,135,5.437036072086486,0,1,82,malicious
0.9265876251614944,726,125,2.8964770210630366,1,0,41,benign
0.4921162930795382,1267,137,4.30975903583317,1,1,272,benign
0.25824438829895835,204,217,0.4719537949491831,0,1,190,benign
0.4591357562382613,344,87,1.365881332101934,1,0,172,benign
0.980032575285477,195,237,7.678912830107023,1,0,460,benign
0.4926180939928696,1430,108,0.10011518407812481,0,1,6,benign
0.3287516102875082,659,187,4.224001701974692,1,0,154,benign
0.6334008543167258,1314,148,5.272850792747326,1,1,9,benign
0.24014561877819307,996,241,0.6408807580096257,1,1,33,benign
0.07586332810866392,373,112,9.733473813426095,0,1,35,benign
0.12887972191064923,1008,98,2.3386407793717523,1,0,408,malicious
0.12804583895777244,550,241,3.111567324399181,0,1,5,benign
0.15190269351229435,1356,81,3.1090308713247707,1,1,407,benign
0.13882717264941014,1083,184,2.381124954961764,0,1,401,benign
0.6408747448032146,321,70,0.11459083865448302,1,1,214,benign
0.18188008439914483,836,69,7.3205134614711636,0,1,133,benign
0.3456672833238632,1064,203,9.671770448012925,0,1,284,benign
0.8967884099060118,158,176,2.3205054845219464,0,1,125,benign
0.47396164026287235,1098,117,6.664167198853882,0,1,408,benign
0.6675577385210272,237,159,7.44477363689128,0,1,438,benign
0.17231987120162984,524,165,8.499411252996195,0,1,336,benign
0.19228901880867078,1122,192,4.2840290504347305,1,1,173,benign
0.04086861626647886,876,169,3.0990159658402496,1,0,151,benign
0.16893506307216455,1224,128,3.3204218268280083,0,1,330,benign
0.2785903390319586,1048,165,7.154951197675277,0,1,25,benign
0.17701048427674682,730,141,8.186116718405797,0,1,382,benign
0.08870253375705561,1269,63,1.8979782807903665,0,0,114,malicious
0.12063587110060081,1075,204,3.7723159807618756,1,1,381,benign
0.46077876803272577,529,174,9.029207947816586,0,0,481,benign
0.2063337184057925,315,217,8.08626584497792,1,1,283,benign
0.36426986104807546,732,107,9.850098187348511,1,1,386,benign
0.5034172708548569,281,77,7.5670577708526,0,0,74,benign
0.6903948286293653,1279,75,3.9926324901764305,0,1,165,benign
0.039312139841098936,1314,162,5.947314556546914,1,0,188,malicious
0.7994103989090426,165,240,6.644041117048471,1,0,77,benign
0.6279003894909078,256,115,0.8767125815395271,0,1,434,benign
0.08175903194887191,1369,202,5.490519895128264,0,1,89,benign
0.8735786241067772,1248,180,7.122276201878835,0,1,175,benign
0.9208724005318132,1102,249,1.7564809096104979,1,1,20,benign
0.06107795985486375,1286,93,7.828254002513016,1,0,53,benign
0.2768776481472037,1247,146,5.879350527089705,0,0,183,malicious
0.8062012797930613,534,91,9.526995678406188,1,1,358,benign
0.7482596903836584,466,55,0.5199807522482278,1,0,221,benign
0.18452101935637732,1241,216,2.7267287617991234,0,0,314,benign
0.2093493233367103,958,229,6.055383405068258,0,1,327,benign
0.370472102791382,1491,72,3.035943130838714,1,0,178,benign
0.4845229851910213,1357,138,7.172799224305297,1,0,275,benign
0.618254771530296,190,172,7.6141522969671165,0,1,111,benign
0.3689136395697724,423,227,1.1149080442580972,0,0,223,benign
0.4625347161331479,347,220,5.187159195647,0,1,213,malicious
0.7474709381337565,1399,196,5.138016500351453,0,0,58,malicious
0.0366832028905979,785,246,3.755879625133857,0,1,326,benign
0.25243694434402075,931,100,9.335956139439753,1,0,392,benign
0.7133495858845524,414,60,8.29231256674489,1,0,108,benign
0.8952068376871993,1071,61,7.002372880905404,1,1,384,benign
0.5116774421156661,1404,123,7.171833693776476,1,1,156,benign
0.5321134852653157,168,57,4.670989823749879,0,1,190,benign
0.10717201133977605,1054,201,9.2178457588561,0,1,199,benign
0.44741236682345464,708,90,6.976494729807525,0,0,311,benign
0.5326172664550232,1415,213,7.316912510392583,1,0,195,benign
0.24247050363472966,1421,134,8.630739947494718,1,0,34,benign
0.26924323094938096,556,121,2.8133087344876913,1,1,378,benign
0.37728416310462265,125,104,8.09000194828036,0,0,386,benign
0.02007119777772637,1238,186,2.0328819692692712,1,0,245,benign
0.3220791655831783,1256,96,3.51888532722439,0,1,236,benign
0.21144800699654465,350,192,3.422543497271443,0,1,103,malicious
0.32749735217791465,1182,225,9.787402137052492,0,0,6,benign
0.11976213181925122,1281,153,8.579718515104476,0,1,282,benign
0.890527280739895,466,91,7.041581629743571,0,0,0,benign
0.5935924535540487,1477,109,7.297861939992362,0,0,218,malicious
0.6791023191444896,153,247,5.664520664585454,1,1,463,benign
0.7891712386073383,1208,61,9.476197604374338,0,0,229,benign
0.4984421989290573,342,179,5.012961653535379,0,1,454,malicious
0.08692028808742369,783,56,3.867125327711956,1,1,171,benign
0.5371065418185478,627,129,1.7140498356227512,0,0,86,malicious
0.5868411180208791,1026,180,7.883435957384474,1,0,40,malicious
0.74543947418433,384,158,7.370994927548355,1,0,122,malicious
0.4316595462296794,853,52,3.9051148813889354,1,1,330,benign
0.12758030279556376,840,76,0.34941479819637067,0,0,297,benign
0.28377590579872447,1064,163,8.406073544408306,0,1,372,benign
0.3630822963986351,1210,156,0.21303803619532896,1,1,416,benign
0.6459172413316012,1350,89,7.066627818327604,0,0,177,benign
0.5707783046689119,1116,210,9.705545386287964,0,1,62,benign
0.35609672589784624,1367,178,4.432847148667214,1,0,483,benign
0.9865152487929797,1132,57,2.4262367094599324,1,0,164,benign
0.6057748193568872,400,150,7.078222999429479,0,0,488,benign
0.23722679173599448,1283,209,8.189568605954292,1,0,186,benign
0.10178247262040374,1049,173,5.509660129170689,1,0,382,benign
0.15285913918433203,743,225,9.673649225035847,1,0,208,benign
0.24595772838450813,614,156,0.6115203444138149,0,0,226,benign
0.16068137325955567,1224,150,5.097476423214828,0,1,431,benign
0.18656702405130576,1152,53,7.212694078493246,0,0,388,benign
0.2850951686938471,727,247,8.640140664376872,1,1,47,benign
0.17337359529475482,820,159,1.8746305578871216,0,1,223,benign
0.8967654246264252,624,68,8.020034469460446,1,1,2,benign
0.08023374566164221,628,81,5.571800049613598,0,0,371,benign
0.5245113895702547,1222,186,4.025881451700636,0,1,174,malicious
0.4103968269896615,528,61,1.4039787829330264,1,1,445,benign
0.9823786169086064,1010,188,8.666428013198233,0,0,98,benign
0.11203890216805235,1387,95,1.657004760979182,1,0,115,benign
0.39785559904574164,1444,168,3.1668998061700826,0,1,269,benign
0.9694704332753689,1165,65,2.9714507664281253,0,0,446,benign
0.8655071258939803,533,178,8.726998938489457,1,0,367,benign
0.8170720709492799,58,112,6.75975964266809,1,0,252,benign
0.25790282704493983,436,158,7.987145832194586,1,0,316,benign
0.17088758739006582,1040,168,2.57963219804574,0,1,414,benign
0.668643219924431,1342,70,6.286253586109289,0,0,94,benign
0.9293759891275858,890,207,5.760285233123112,0,0,272,benign
0.5567628930139298,1428,62,8.345020730203883,1,0,379,malicious
0.5716126894698998,1394,211,9.07026189876448,1,1,23,benign
0.2799790936602842,1407,53,0.2203520376261294,1,1,115,benign
0.7694929331919369,861,205,6.772797198682047,0,0,150,benign
0.18704374855752337,494,151,0.6131744112853172,0,0,337,benign
0.3236792364042437,764,108,5.5337007842658235,1,1,49,benign
0.4254364386164168,1128,177,2.9475640175324145,0,0,205,benign
0.507610378684455,1139,76,3.137088335269198,1,0,497,benign
0.24240973241508024,750,118,3.59428918417833,0,1,334,benign
0.11483682473920354,182,74,6.25079524559114,0,0,78,benign
0.6106200424416326,956,180,3.407094660120815,1,0,69,benign
0.28863055324025577,867,146,7.353720600843776,0,1,26,malicious
0.5812382214226123,644,245,4.104821117181309,0,1,270,benign
0.1543627152742023,1480,74,0.7766966830685903,1,0,49,benign
0.4811401018548175,344,197,7.859222440592662,1,1,291,benign
0.5325894325515859,775,211,2.9290074134677897,0,0,246,benign
0.05182353682242691,330,203,4.3843921080327,1,0,263,malicious
0.3366042781939206,141,175,6.885894443896825,0,0,78,benign
0.13441467693897424,1330,182,3.391315955772249,1,1,386,benign
0.06337497047276774,906,238,0.6601979958524846,0,1,189,benign
0.9899602323899452,1007,58,3.801818365426855,0,0,46,benign
0.32235384497472297,1013,165,9.450040968673603,1,0,460,benign
0.8098744458546349,881,227,6.453170533255726,0,1,360,benign
0.25464065476376385,1001,183,6.747643571805348,0,1,353,benign
0.6815027222239293,981,109,6.3595933210126345,1,1,471,malicious
0.7602278598896866,1066,221,2.0700221756984245,1,0,487,benign
0.5956387406078443,124,170,4.241505254612573,0,1,351,benign
0.47157618855015837,367,188,7.5343040037968505,1,1,188,benign
0.41184091414726853,855,243,1.1035916857762758,1,0,415,benign
0.3488682665429953,493,224,2.8507424832881516,0,0,255,benign
0.9295291442478258,668,157,2.835559173811951,0,0,221,benign
0.8306194077877291,1284,157,4.376987383185609,1,1,371,benign
0.9650269106665126,1217,250,9.805650535327633,1,0,240,benign
0.12429722348554473,704,180,0.7682752121698372,1,0,268,malicious
0.7308674752036443,51,125,5.2351398443678905,0,0,0,benign
0.9383404568210378,1196,79,1.8757103519208835,0,0,33,benign
0.18123306616566015,343,70,9.709697799556468,0,1,445,benign
0.0664962673667775,1356,205,1.2217046968018956,0,0,78,malicious
0.741120649290059,1014,239,4.095649923379753,0,1,235,benign
0.5744731131799119,1363,210,7.405061349862601,0,1,333,benign
0.8418287767582721,822,212,7.075088837471708,0,1,376,benign
0.1397723766262895,82,229,4.285013505249929,1,0,348,malicious
0.7952673118598902,983,83,3.530589262731911,1,1,97,malicious
0.20162732004774453,382,90,4.036362547673419,0,0,81,benign
0.1636559428657045,1389,100,2.716335005270529,0,0,454,benign
0.16426579793099294,537,224,2.132796093197318,0,0,476,benign
0.8145747202313821,403,131,4.882093005833011,1,1,414,benign
0.6651972206962001,930,107,2.7584841850693125,0,0,191,benign
0.5230654247691193,466,124,2.945870482482776,1,0,252,benign
0.3588304841235025,1044,234,6.601885028398115,1,0,408,malicious
0.8772005408131083,60,72,9.688519583828933,1,1,37,benign
0.3924451074226354,446,225,6.076008285537813,1,1,13,benign
0.8165994394715771,658,177,0.8620967239431662,1,1,391,benign
0.4391349085702184,1054,199,0.8482777771552631,0,0,346,benign
0.3769444294249076,375,66,9.519089886371104,0,1,309,benign
0.46267978566960644,1180,118,3.043178824042603,1,0,385,benign
0.3013778741641421,1187,157,1.011463162216507,0,0,208,benign
0.7476093801762511,438,188,6.030541412788777,1,1,356,malicious
0.5027203900924792,832,143,6.274122905073634,1,0,461,benign
0.2322126951468173,754,64,6.5201977191750125,0,1,88,benign
0.8995745732745685,90,140,2.747280075789659,0,0,55,benign
0.3838912213732114,363,212,0.24959577372330286,0,1,93,benign
0.5435528611139886,828,82,9.653652157599272,0,0,92,benign
0.9064721109645469,180,174,2.5838411523419147,0,0,339,benign
0.6242379959139921,509,65,6.79266025172022,1,0,84,benign
0.11689804070836407,826,211,7.095635711799225,0,0,444,benign
0.9398321236134751,1397,115,6.139073429086908,0,0,244,benign
0.6277080530714179,1003,217,3.1977832027151174,0,1,21,benign
0.3349056146570861,1047,205,2.7838529122642512,1,0,290,benign
0.13927207266338726,412,96,6.016915998756761,0,1,484,malicious
0.794025189270296,533,216,8.674346772755746,1,1,271,benign
0.6200727559285135,790,247,9.472663916341617,0,1,305,benign
0.5334610919763215,1219,250,1.1484674635972008,0,0,121,malicious
0.8938925830509576,330,197,1.6328032647174267,1,0,127,benign
0.7885972112245307,1207,173,9.452888961952489,0,0,112,benign
0.15167487973275118,145,50,7.391698760514446,0,1,426,malicious
0.31172206779554823,1483,249,8.841638865814753,1,0,272,benign
0.24848913981446574,709,136,2.1060630779398974,0,0,335,malicious
0.743946292572677,41,177,5.9171001239830785,1,1,441,malicious
0.03353243473577938,628,240,7.041281984732989,1,1,129,benign
0.5698896848713165,683,116,6.833107665925029,1,1,131,benign
0.7624586857406905,129,53,4.140701739580311,1,1,84,benign
0.8767656367617495,1408,235,0.2524094277439539,1,1,422,benign
0.34208174871590746,389,202,5.870967962362204,0,1,481,benign
0.8212573046720129,1326,96,2.605705237878127,0,0,349,benign
0.11063173695520723,1414,87,4.557517036814614,0,1,389,benign
0.8464522917345182,1171,192,9.580052049329792,1,0,80,benign
0.12748866233198242,1102,240,4.0504496446601035,1,0,486,benign
0.39728729056036727,948,70,8.414035905977824,1,0,472,benign
0.7972953657795536,198,106,1.9665519969175864,1,1,324,benign
0.14991742734877378,998,166,6.7573589304477855,0,0,68,benign
0.22925139523264149,351,230,9.77236884894554,0,1,147,malicious
0.7222525683930663,1304,95,1.1087416986420744,1,1,447,malicious
0.7200365365460744,484,191,0.18236742804920092,1,0,15,benign
0.6411476328852973,337,253,4.392469647062882,0,1,306,malicious
0.6939484444671,991,194,1.0169922822085353,1,0,104,benign
0.5427244433475962,75,88,7.50900506179469,1,0,164,benign
0.25179905890695276,1147,186,9.154031772100733,1,1,487,benign
0.34569599350391944,1448,148,4.3968076298167125,0,0,200,benign
0.18159771680142567,1235,126,2.661245257338866,0,0,196,malicious
0.9084505613336283,1439,164,4.400592858165437,1,0,425,benign
0.5833917947661205,1425,183,7.26213339671501,0,1,184,benign
0.4008514167636399,598,200,0.1896361996456727,1,0,321,benign
0.4620058036441327,930,236,5.935594495898502,1,1,264,benign
0.9472833396118153,180,140,6.171587680385053,0,1,362,benign
0.1533514031160802,926,147,6.413113644269761,1,0,99,benign
0.5862298320167972,1181,169,2.4960185918106848,1,0,341,benign
0.505888678884466,1340,95,7.169121961443455,0,1,319,benign
0.6114542354346478,765,87,1.0047757146845864,1,1,213,benign
0.01811018382084051,1283,191,2.0727763310213283,1,0,277,benign
0.8721239089441515,1089,149,8.78695346187937,1,0,161,benign
0.9321182824836124,560,121,7.413359192193007,0,1,438,benign
0.5651331835892089,49,239,0.236080984712318,1,1,156,benign
0.6966508238768923,1023,84,2.558924977661022,0,1,421,benign
0.9224993811772957,417,196,2.2226241816323293,1,1,250,benign
0.7072386343133986,721,79,2.7809826475660286,1,1,365,benign
0.15253904291426135,623,127,2.5508417257708755,1,0,96,malicious
0.5762883601668132,191,133,0.7190103278541728,1,1,17,benign
0.6067150463828559,759,162,4.643511114308521,0,1,326,benign
0.424130671302386,1112,74,7.354061400383035,0,0,448,malicious
0.7364442356247228,1217,217,6.10664407470262,1,0,382,benign
0.9343670147690148,898,137,6.761429519120989,1,1,96,benign
0.9255685129067763,1356,63,0.9033768675087677,1,1,0,benign
0.4508393714041321,89,203,9.519758030750193,1,0,215,benign
0.11323804584075525,703,151,8.401069155045946,1,1,131,benign
0.9848411989623346,570,199,8.070394153107062,1,1,259,malicious
0.8388980864459341,1123,225,8.247539669913499,1,0,124,benign
0.12466268120326685,1230,132,9.333834030514337,1,1,81,benign
0.9208418826173723,1265,159,5.488114264525607,0,0,282,malicious
0.8698963620621283,896,228,2.0827919768894962,0,0,170,malicious
0.5188380571260721,185,180,6.206157717740157,0,0,58,benign
0.5912754357449292,954,219,7.454526787312596,1,0,31,benign
0.39900270387013026,1032,68,7.405382194204852,1,1,160,benign
0.05476163882203133,281,250,5.2623453392521125,1,0,283,benign
0.3351972416459009,620,77,0.7777413214024228,0,1,105,benign
0.8028534485980114,726,222,3.7740180904582656,1,1,104,malicious
0.004632023004602859,522,120,9.215589423787238,0,1,438,benign
0.3334991716911442,1171,112,5.886044206598518,1,1,227,benign
0.3981686935909433,1289,122,5.429486238231563,0,1,187,benign
0.5373956029379229,712,173,2.7616497923837158,0,0,69,benign
0.9198556164127605,670,168,3.747644307174131,0,0,317,benign
0.34634599436596125,700,170,8.963926282616375,1,0,463,benign
0.3469532018962277,701,68,6.6979841705156735,0,0,289,benign
0.7375012481097484,1495,224,7.8951315648480955,1,1,86,benign
0.45221794088980716,844,191,4.598019688369786,1,0,369,benign
0.22460482293998196,458,169,6.339447472615963,1,1,361,benign
0.4524395161326934,1027,215,2.5589977265577546,1,1,471,benign
0.14085702037979986,1223,230,7.084062219806514,1,0,55,benign
0.1763869865062233,689,110,4.333253203663039,0,0,112,benign
0.49836777273947974,1008,213,4.481200596665981,1,0,12,benign
0.4189254495045479,629,217,6.5282910133111285,1,0,439,benign
0.9148459010681,1140,79,9.369178152542373,1,1,17,benign
0.3623938991166331,548,58,0.7336628314253472,1,1,181,benign
0.5805883502780435,480,113,8.264958049735375,1,0,460,benign
0.6322642879195304,1317,210,2.994592793080712,0,1,112,malicious
0.013094456588333636,960,169,4.49480259961314,0,1,228,benign
0.6635373720167106,809,101,0.3169419548725887,1,1,170,benign
0.17803596686975143,1383,138,3.0803561705596993,0,0,294,benign
0.9610703174694551,302,191,5.0760493020382915,0,1,188,benign
0.14866272775311296,1437,252,0.6561431657396463,1,0,425,malicious
0.41462412372702373,676,102,4.961847720893335,0,0,464,benign
0.08534966807864386,1230,236,9.27839522569843,1,1,78,benign
0.9968742518459474,498,127,1.1433928592672717,0,1,145,benign
0.5021950103312426,1038,90,7.667963207947493,0,0,406,benign
0.5953850173200438,1343,245,4.155743428422327,0,1,181,benign
0.06707647738842748,739,117,6.586219773790947,1,1,498,benign
0.7499604703991778,341,57,2.6763423200537706,0,0,285,benign
0.20990559309558576,1281,51,1.678973399159447,0,0,249,benign
0.8980542894407137,1165,154,1.6885798812851418,1,0,353,malicious
0.20513964048200717,593,174,0.7978702618671321,1,0,313,malicious
0.19068772066366657,327,159,1.937902378522306,0,1,195,benign
0.03654966784809488,1230,135,6.675771911390786,1,1,322,benign
0.47206694510999925,660,218,8.828737057250729,0,0,70,benign
0.5648411332626164,1045,169,8.159844287352502,0,0,247,benign
0.06570863942835237,75,176,6.882829667757393,1,0,145,malicious
0.7755276166950106,783,232,1.1932754477699166,1,1,105,benign
0.4532888347480276,392,65,2.9629557183299036,1,0,262,benign
0.52439026932758,112,111,3.167088065692443,0,1,295,benign
0.44076274693822814,687,162,2.57457376933645,1,0,69,benign
0.400763060875326,1416,225,5.198556031126259,0,0,469,malicious
0.5596403313082179,1133,207,5.401982767308758,1,0,192,malicious
0.1552402459307125,464,61,3.6331711541939913,0,1,67,benign
0.18192813049527112,1038,84,3.6025126714907167,1,1,493,benign
0.8617856210135173,747,60,8.302700419270206,0,1,304,malicious
0.9461154621336327,600,113,7.913999198364888,1,0,51,malicious
0.37330931627975295,867,99,3.147178733639382,0,1,369,benign
0.27074467314355377,995,198,9.146505594345268,1,1,362,benign
0.6439995432390158,556,118,9.53286866832481,1,0,284,benign
0.4087341710980964,467,97,3.3347511660974045,0,0,404,benign
0.02538635566034486,199,69,3.6088069930512434,1,1,473,malicious
0.15615259736619036,188,150,5.105778118877392,0,1,333,benign
0.7159722288473975,815,244,9.417096044083367,0,1,8,malicious
0.6589239419101514,1293,221,8.775562388108884,1,1,250,benign
0.02709599250348349,106,210,1.1154228295775392,0,0,430,benign
0.22197216193294944,1053,250,3.988034358387021,1,0,331,benign
0.2310747965880714,420,238,5.578374778522741,1,0,297,benign
0.6718927435987284,97,186,5.081011478260246,0,1,434,benign
0.019710537754364155,1322,117,2.0192443725752374,1,1,183,benign
0.10410858198457384,381,84,8.602286034564731,0,0,178,benign
0.7999160853731894,1193,114,6.801713751668689,0,0,197,benign
0.1785446620543336,766,57,8.395292911032856,1,1,127,benign
0.6527461078518747,1235,94,8.601766365559774,1,1,19,benign
0.23818278104672652,809,136,7.508722951290824,0,0,471,benign
0.09944139275934516,653,224,4.448184952372201,0,0,410,benign
0.24317219099945409,1272,217,6.144412874652703,1,0,421,benign
0.7222669318556592,393,125,1.6876175205854573,1,1,327,benign
0.8556964681062857,155,231,6.769089633001586,1,1,64,benign
0.8302198645669916,1327,125,1.8746072318188796,1,1,181,benign
0.3971835296184548,701,223,6.970100946050552,0,1,240,benign
0.6680851365706462,492,96,2.3730217914642897,1,1,368,benign
0.20498429541582097,326,64,1.2637578714871778,0,1,23,benign
0.29314773026101326,1366,154,1.7363164524152788,0,0,383,benign
0.8963358185211198,1056,196,0.11972213866879566,1,0,430,benign
0.013001923510736035,350,75,7.2155222167499495,0,1,454,benign
0.08550853085446808,247,101,7.350770385677953,1,0,82,benign
0.20788625514602732,657,142,5.197840164141269,0,1,469,benign
0.026532203873819715,485,199,1.6974917304482988,1,0,318,benign
0.18143543508979731,709,70,0.9271879413558285,0,1,184,benign
0.5830415609696922,672,100,0.2893767677291414,0,0,438,benign
0.42142455059249795,94,87,1.7409069519556852,1,0,315,benign
0.8926717110769748,951,69,8.919469796333154,1,1,98,benign
0.8174435617384409,1075,206,2.49121473284665,0,1,61,benign
0.34181735169787597,696,228,3.6072861394504354,0,0,285,benign
0.2594234334312925,1463,181,1.1429202963651988,1,0,476,benign
0.3796924081672669,1019,104,2.301376917006886,0,1,21,benign
0.5902949425148077,554,248,5.240323250724031,1,0,458,benign
0.26806364082287626,276,141,6.11675156264696,0,1,211,benign
0.624148907849134,1342,77,2.5289879102454895,1,1,125,benign
0.4094116521912404,387,53,0.6715483763286604,0,0,412,benign
0.5520471808519802,666,199,3.9712254043612467,1,1,498,benign
0.4361265291353167,1167,125,2.418613372170708,1,0,424,benign
0.29446575954191767,669,222,2.273583839975039,0,0,41,benign
0.9484533069621567,1311,116,9.602641746863206,1,1,97,benign
0.7636057941597608,403,135,6.201374810664668,0,0,448,benign
0.14011317576645255,360,243,5.613096587403749,1,1,30,malicious
0.8684679758979128,325,211,4.216173524880887,1,1,157,benign
0.48743119824951364,188,140,4.346548900958428,1,1,111,benign
0.8945522268940914,1147,232,5.454959537997,0,0,401,malicious
0.7998552559473152,445,154,6.994655089657462,1,1,246,benign
0.42521350446923345,1017,50,7.051246352200112,0,0,121,benign
0.022469308320117398,495,121,1.799769686283951,1,1,272,benign
0.2686773593849461,839,136,5.051116245558607,0,1,293,benign
0.5416342146608669,1224,215,4.17838514083761,0,1,397,benign
0.6334782198261473,1052,55,8.718216966066903,0,0,470,benign
0.2578876854332023,823,202,6.351047320061926,1,0,472,benign
0.13935607407282413,499,194,5.37179025751822,0,1,206,benign
0.8349302367992991,777,110,1.2424069575712822,1,1,109,malicious
0.9844021807035521,548,61,6.095815104301773,0,0,439,malicious
0.5256901823026858,520,55,1.260318666234311,0,0,277,benign
0.1716792858483035,153,76,3.4383450981009456,0,0,450,benign
0.27230732651936895,788,185,1.5141354516618857,0,1,55,benign
0.018390676547466733,400,173,6.951529105541252,1,0,374,malicious
0.914298806560499,380,155,2.1418959269779108,0,1,402,benign
0.11775108289014113,809,242,3.9794077945614577,0,0,56,benign
0.5765164755142536,800,234,8.967180298425909,1,1,427,benign
0.274055220687206,1008,142,2.122732195649806,0,1,481,benign
0.5541780025157934,488,158,5.127270133191913,0,1,290,benign
0.6514203883518642,874,148,4.250789445543617,0,0,113,benign
0.8297418037072016,1243,217,0.27942800635272436,0,0,380,benign
0.2064212717606032,1470,191,7.948305324370846,1,0,384,benign
0.010995828658480478,1259,84,0.7835544725145372,1,1,307,benign
0.13688563006880727,350,225,4.795124707671841,0,1,340,benign
0.9000186418481051,301,133,5.6507151198956045,1,0,476,malicious
0.8738900775625152,1482,105,6.321421920484412,1,1,197,malicious
0.5974131021703083,445,226,6.917453130147968,0,1,420,malicious
0.6005168604336534,182,190,2.6073965968748793,1,1,320,malicious
0.6650366745462555,381,238,0.1987898889186488,0,0,178,benign
0.1753712786234496,1379,98,7.262092257313628,1,1,384,benign
0.9144119459249598,1164,95,5.403000333541028,1,0,218,benign
0.4187705248920731,283,162,8.377565261751762,1,0,276,malicious
0.38313852824949746,529,239,8.231744792716873,0,0,436,benign
0.5189177052828375,51,185,8.448929061100044,1,0,15,benign
0.046965966775055046,1302,92,4.902437133797448,0,0,491,benign
0.1662833687560794,600,197,3.4029211187849704,0,1,378,benign
0.7380336164263704,81,173,7.936426205654563,1,0,60,benign
0.08279866792512647,717,146,4.567811718989623,0,0,53,benign
0.6031521094663882,633,139,1.9160777443940018,1,0,167,benign
0.24534910968132095,1492,88,8.564242793658597,0,1,25,benign
0.38929561404197655,1221,134,8.837342780046239,0,1,335,benign
0.28869373677069987,1279,226,4.716466585787684,1,1,475,benign
0.35567271646494913,173,241,0.849427300366896,1,1,64,malicious
0.7190459051842455,1130,111,3.9394782901776195,1,0,99,benign
0.297121715623175,1070,155,8.055022828679773,1,0,73,benign
0.5664046402968972,987,156,9.027562882607663,0,1,191,benign
0.47605040219909966,112,103,2.114380150726199,0,1,170,benign
0.6636711653626481,438,175,0.763038759050188,0,1,272,benign
0.936829739324758,1468,58,8.785769486015102,1,1,376,benign
0.7325720972102503,617,137,3.9551088958908656,0,0,186,benign
0.21494037859075676,898,86,5.463433546248877,1,1,22,benign
0.031183135061284672,169,98,9.683851539302513,0,1,390,benign
0.2622640442998251,970,90,0.7589908063508063,1,1,427,benign
0.5950779307002548,1269,66,6.518348273775746,0,1,180,benign
0.05142581348425035,305,137,0.833643683491184,0,1,326,benign
0.49636624720123634,832,70,3.817142391818354,1,1,107,benign
0.5968428489168892,292,100,8.057763997415123,0,1,334,malicious
0.3342438908169608,861,108,4.3913751042807805,1,0,161,benign
0.7709122037458219,1352,216,9.972105303639209,0,0,301,benign
0.1065982531337718,203,232,5.634686920971362,0,0,492,benign
0.07513778173580876,134,90,3.2795053110959396,1,0,451,benign
0.7281887562036033,872,88,2.2791021264570563,1,0,205,benign
0.49549131620619846,1173,190,3.5701532894330024,0,0,77,benign
0.688402396427736,375,241,3.788079410219553,0,1,15,benign
0.4348273386037462,861,60,0.7802654094672137,0,1,326,benign
0.2464020332391068,277,196,3.7587845743250545,0,0,95,benign
0.8191023176741997,420,188,4.695961345418326,0,1,146,benign
0.7994158789689793,1499,126,7.255103747164166,0,0,1,benign
0.6946964708544268,938,176,6.601621898743919,1,1,9,benign
0.2721451372299627,522,95,7.116779986768627,1,1,433,malicious
0.5902306668690871,941,94,0.1828004505808853,1,1,124,benign
0.3609738969400268,1088,50,2.254907255847307,0,1,80,benign
0.09158207332663415,1180,217,6.650674455158579,0,1,484,benign
0.9173135754622428,521,157,4.8914947449794965,0,1,139,benign
0.1368186309189614,1455,68,0.15260340911662487,1,0,325,benign
0.9502373538208024,956,125,8.064496960075042,1,0,149,benign
0.44600577295795574,1033,121,7.75081477557434,0,1,287,benign
